{"cameraMode":{"drawMode":0,"name":"Shaded","section":"Shading Mode"},"sceneLighting":true,"audioPlay":false,"sceneViewState":{"showFog":true,"showMaterialUpdate":false,"showSkybox":true,"showFlares":true,"showImageEffects":true,"showParticleSystems":true},"in2DMode":false,"pivot":{"x":-0.21014612913131715,"y":0.2148374319076538,"z":-0.5187649130821228},"rotation":{"x":-0.05266584828495979,"y":0.9471555948257446,"z":-0.21410053968429566,"w":-0.2329895794391632},"size":0.8411786556243897,"orthographic":false}