{"cameraMode":{"drawMode":0,"name":"Shaded","section":"Shading Mode"},"sceneLighting":true,"audioPlay":false,"sceneViewState":{"showFog":true,"showMaterialUpdate":false,"showSkybox":true,"showFlares":true,"showImageEffects":true,"showParticleSystems":true},"in2DMode":false,"pivot":{"x":0.32652390003204348,"y":1.536616325378418,"z":0.5552159547805786},"rotation":{"x":-0.0009403452859260142,"y":0.9941023588180542,"z":-0.10809386521577835,"w":-0.00864797830581665},"size":0.8411786556243897,"orthographic":false}