{"cameraMode":{"drawMode":0,"name":"Shaded","section":"Shading Mode"},"sceneLighting":true,"audioPlay":false,"sceneViewState":{"showFog":true,"showMaterialUpdate":false,"showSkybox":true,"showFlares":true,"showImageEffects":true,"showParticleSystems":true},"in2DMode":false,"pivot":{"x":0.02371063455939293,"y":0.5944766998291016,"z":-0.4373152554035187},"rotation":{"x":-0.0006221393123269081,"y":0.9887562990188599,"z":-0.14974908530712129,"w":-0.004152041859924793},"size":0.8411786556243897,"orthographic":false}