{"cameraMode":{"drawMode":0,"name":"Shaded","section":"Shading Mode"},"sceneLighting":true,"audioPlay":false,"sceneViewState":{"showFog":true,"showMaterialUpdate":false,"showSkybox":true,"showFlares":true,"showImageEffects":true,"showParticleSystems":true},"in2DMode":false,"pivot":{"x":-1.374763011932373,"y":0.8618746399879456,"z":-0.6844626069068909},"rotation":{"x":0.004041498992592096,"y":0.990607500076294,"z":-0.13334950804710389,"w":0.03002540022134781},"size":0.8411786556243897,"orthographic":false}